"API","country","2005","2006","2007","2008","2009","2010","2011","2012","2013","2014","2015","2016","2017","2018","2019"
"INTL.5-2-AFG-TBPD.A","Afghanistan","6.529397260273979","8.322821917808216","9.100410958904114","20.81557377049185","36.25320547945199","42.76090410958903","55.81753424657529","49.05868852459019","35.082679452054734","27.677745205479425","34.723164","26.868912","36.099873","",""
"INTL.5-2-ALB-TBPD.A","Albania","30.58374356164382","28.52933589041099","27.83662904109589","27.38395300546445","26.72517041095888","25.951811506849342","25.735346849315118","22.637728961748625","27.171761095890403","28.13148164383562","26.061698","27.170328","29.152082","",""
"INTL.5-2-DZA-TBPD.A","Algeria","264.0822509589043","267.67475835616386","275.9514191780822","313.81660983606605","349.16215945205516","347.4138156493151","349.5789589041096","373.793301369863","400.3377534246575","415.6059726027397","431.2676164383562","420.72377","422","",""
"INTL.5-2-ASM-TBPD.A","American Samoa","4.065698630136983","4.14","4.14","4.14","4.14","4.14","2.34564584991815","2.34564610715881","2.34564584991815","2.34564584991815","2.345645","2.345646","2.345646","",""
"INTL.5-2-AGO-TBPD.A","Angola","42.130644383561595","56.78680767123286","67.46339178082196","82.75661967213112","98.66940821917811","106.95469289863014","111.97478115068493","119.80948045901637","138.73805537534247","156.76910444931508","156.3494128328767","147.036994","126","",""
"INTL.5-2-ATA-TBPD.A","Antarctica","1.55331506849315","1.55331506849315","1.57375342465753","0.06733115717256075","0.08674084657534246","0.08674084657534246","0.08674084657534246","0.08674030491803279","0.08674084657534246","0.08674084657534246","0.086739","0.086738","0.086738","",""
"INTL.5-2-ATG-TBPD.A","Antigua and Barbuda","4.173095890410958","4.309123287671231","4.503671232876711","4.594890710382509","4.823364383561641","4.656383561643831","4.644186301369865","4.758934426229507","4.771972602739721","4.879287671232871","4.974929","5.052921","5.086268","",""
"INTL.5-2-ARG-TBPD.A","Argentina","561.6110871232873","619.310108493151","627.3488832876708","684.7698721311481","658.006569863013","718.4010284931503","711.1012063013698","757.4252612021863","763.8709402739728","763.6902783561645","793.612832980822","776.904164","751.860712","",""
"INTL.5-2-ARM-TBPD.A","Armenia","8.97408219178082","8.414602739726021","9.086575342465759","9.671639344262294","8.489397260273975","9.033068493150688","8.519095890410952","8.722082191780817","7.809315068493151","7.779917808219179","8.222465","6.843248","8.190684","",""
"INTL.5-2-ABW-TBPD.A","Aruba","9.353326027397253","9.337304109589041","9.627364383561643","9.050728142076505","8.93342794520547","8.051014520547948","6.358597260273968","7.898724043715844","7.601567123287669","7.69860356164383","7.910535","7.790639","7.8403","",""
"INTL.5-2-AUS-TBPD.A","Australia","960.520549","970.216439","987.723286","994.333333","998.526027","1042.649313","1095.416438","1124.286885","1137.60822","1125.747944","1120.59726","1114.63388","1166.673972","1180.775343","1173.501369"
"INTL.5-2-AUT-TBPD.A","Austria","297.48493","301.112328","292.019177","283.969945","271.550687","278.460274","263.391781","258.734973","263.304111","256.597261","258.432877","262.382513","263.356164","268.643836","274.750595"
"INTL.5-2-AZE-TBPD.A","Azerbaijan","109.77387068493154","101.67831780821908","90.80059397260274","92.27110710382519","78.78336547945197","82.62718904109599","92.36111123287674","96.91322958904114","100.1594597260274","99.62932712328777","98.1253928136986","96.304164","97.065178","",""
"INTL.5-2-BHR-TBPD.A","Bahrain","56.26178082191775","61.37131506849311","60.63101369863023","62.58806010928956","58.27504109589041","56.27693150684921","55.98621917808216","57.96355191256834","61","58","64","61.426568","64.43418","63.023961",""
"INTL.5-2-BGD-TBPD.A","Bangladesh","78.32198136986302","78.69343232876709","75.87974465753427","75.30799016393436","69.48387616438359","80.9742410958904","103.65355616438347","107.39035737704914","104.3410969863014","111.21543671232877","112","112","128","",""
"INTL.5-2-BRB-TBPD.A","Barbados","11.277248372602743","11.292675934246574","10.878951232876718","12.802740983606563","12.06724273972603","11.652834246575337","12.173486027397262","11.3394155737705","11.487674246575343","10.052257295890408","10.629836","10.774034","10.843574","",""
"INTL.5-2-BLR-TBPD.A","Belarus","151.44364602739728","173.9336668493151","162.85384328767128","166.57258251366116","184.69610191780828","151.91933917808217","175.84887890410957","178.51852459016388","160.8490049315068","168.26945863013688","139.042356","137.065178","136.043452","",""
"INTL.5-2-BEL-TBPD.A","Belgium","659.775343","646.931507","650.041096","694.655738","622.057533","652.720548","610.936986","595.568306","614.747945","606.684932","622.578083","631.524589","637.534246","683.490412","664.780822"
"INTL.5-2-BLZ-TBPD.A","Belize","3.6045147123287706","3.7848845808219234","3.48490096986301","3.182089532786882","3.512713353424656","3.826491588054797","3.2247207800547892","3.369498322841529","3.72949913424658","3.514323040602745","4.19759","4.153829","4.180826","",""
"INTL.5-2-BEN-TBPD.A","Benin","16.472739726027395","22.822794520547966","26.99780821917806","27.493387978142117","30.285561643835614","34.703150684931515","32.200575342465775","30.396612021857948","31.130739726027457","32.78758904109583","36.210244","46.830135","45.299122","",""
"INTL.5-2-BMU-TBPD.A","Bermuda","4.509106849315066","5.096361643835613","5.824997260273975","5.553366120218576","4.429350739726026","5.165153262465745","3.351729455342466","3.7333006612021795","3.63838010958904","4.743138749589049","3.939183328219177","5","5.436998","",""
"INTL.5-2-BTN-TBPD.A","Bhutan","1.5135860273972601","1.5720287671232875","1.6349263013698623","1.5880166666666664","1.7739041095890387","2.2368739726027416","2.625773698630137","2.963227049180325","3.121096164383556","2.935865041095891","3.541063","3.595719","2.79567","",""
"INTL.5-2-BOL-TBPD.A","Bolivia","47.09427506849318","50.54314082191775","55.41041095890416","49.52778032786885","48.93641534246576","53.42050849315067","64.30844383561649","69.6677650273225","67.51207999999994","72.7185358904109","84.145044","91.21493","102.32589","",""
"INTL.5-2-BIH-TBPD.A","Bosnia and Herzegovina","23.10953424657532","25.43583561643835","27.12671232876715","30.932719125683082","34.45423780821913","34.70415123287671","35.42825534246574","31.938290710382503","29.915815890411","30.48979945205476","31.130356","36.21726","34.21726","",""
"INTL.5-2-BWA-TBPD.A","Botswana","14.686520547945204","15.845068493150675","17.126904109589038","19.007841530054634","17.64561643835616","18.524876712328766","19.149698630136992","19.530819672131148","20.51501369863012","21.287863013698637","23.455148","22.3612","22","",""
"INTL.5-2-BRA-TBPD.A","Brazil","2240.895279452054","2275.6796821917806","2429.078317808219","2590.4230683060114","2597.4625316164393","2817.6665439178078","2893.719367739726","3000.8705790819677","3143.5209545753423","3279.2654243013662","3238.891558","3027.41007","3028.927121","3060.520713",""
"INTL.5-2-VGB-TBPD.A","British Virgin Islands","0.9043999999999996","0.9857369863013705","1.0219479452054796","1.0937786885245895","1.148679452054794","1.1789068493150694","1.2069424657534242","1.199568306010929","1.2028547945205483","1.2228630136986296","1.2269506849315066","1.24","1.54752","",""
"INTL.5-2-BRN-TBPD.A","Brunei","13.864603835616434","14.664031780821905","15.107911232876702","16.742280874316936","16.547775342465762","17.173956164383558","18.18951123287671","17.47287213114753","17.26280328767123","16.49357260273972","19.127068","17.598418","16","",""
"INTL.5-2-BGR-TBPD.A","Bulgaria","109.70246027397258","110.90771068493154","106.51725150684945","104.9871945355192","100.84418410958907","89.06142684931507","84.04729095890427","86.29907213114748","80.91854027397271","88.99674410958896","95","97","98","",""
"INTL.5-2-BFA-TBPD.A","Burkina Faso","8.091972602739723","7.965150684931504","11.47930531506849","12.500347540983611","11.661326328767123","12.562207561643838","14.483612000000003","17.1713838251366","20.80408454794524","19.389101369863013","24.989254","20.511459","22.513765","",""
"INTL.5-2-MMR-TBPD.A","Myanmar","36.24701589041091","36.86566246575339","36.24931726027401","28.538410928961753","23.71431123287675","27.255809315068465","25.29113315068495","45.121046994535476","60.41579178082188","93.69763945205476","72.233809","91.669789","127.026424","",""
"INTL.5-2-BDI-TBPD.A","Burundi","1.2321215835616437","1.5333076712328768","2.556553424657534","1.4846434153005466","1.460013315068493","1.63192098630137","1.9331113698630125","1.7362884153005462","2.0230647397260277","1.6453994520547948","2.646008","3.207282","1.605776","",""
"INTL.5-2-CPV-TBPD.A","Cabo Verde","4.4993315068493205","4.77217972602739","5.411581643835614","5.370859562841527","5.1383131506849296","5.50312191780822","6.406559999999994","5.5606049315068455","5.4268512328767144","5.8219792328767115","5.783461","6.06786","5.675467","",""
"INTL.5-2-KHM-TBPD.A","Cambodia","19.213917808219175","20.754109589041096","24.470739726027396","24.290628415300546","29.833917808219205","33.65860273972604","34.23216438356163","36.00720547945202","36.2697808219178","37.93180821917811","43","48.792568","50","",""
"INTL.5-2-CMR-TBPD.A","Cameroon","23.84051726027397","28.52901369863012","31.26447013698627","30.3884218579235","35.27573698630132","38.494989589041076","42.310597260274","39.18912219178082","30.7842115068493","42.40675835616435","39","38.52","36","",""
"INTL.5-2-CAN-TBPD.A","Canada","2316.468493","2311.616438","2401.098629","2311.426228","2256.641096","2364.30411","2392.336985","2437.614754","2417.728767","2389.139725","2440.342467","2465.603825","2464.010959","2525.2","2369.528768"
"INTL.5-2-CYM-TBPD.A","Cayman Islands","3.55958904109589","3.6110684931506833","4.310794520547946","4.433251366120222","4.116082191780817","4.127726027397262","4.367808219178082","4.013150684931503","3.9839726027397298","4.044249863013694","4.285205","4.219779","4.672349","",""
"INTL.5-2-CAF-TBPD.A","Central African Rep.","2.249912328767124","2.3564273972602736","2.4013753424657547","2.4376010928961738","2.444279452054795","2.527863013698631","2.6422575342465753","2.748016438356165","2.739443835616439","2.76932602739726","2.799206","2.819484","2.637154","",""
"INTL.5-2-TCD-TBPD.A","Chad","1.801802739726027","1.828372602739726","1.844723287671232","1.8506284153005483","1.957890410958908","2.122958904109592","2.231282191780822","2.231282191780822","2.255808219178082","2.255808219178082","2.306495342465769","2.335517808219199","2.322814","",""
"INTL.5-2-CHL-TBPD.A","Chile","272.345206","278.172602","351.490411","369.333333","348.350685","322.29589","332.052054","332.06284","339.441096","336.364384","330.509588","351.959016","357.172604","363.430136","368.863014"
"INTL.5-2-CHN-TBPD.A","China","6970.258","7493.351","7923.259","8041.343","8497.269","9339.164","10053.344","10549.592","11159.600461","11552.746644","12516.822748","13036.637779","13566.827178","",""
"INTL.5-2-COL-TBPD.A","Colombia","273.7817391780822","284.64951671232876","269.6915265753424","274.14818688524593","259.3231528767124","268.4375561643834","307.29781589041096","326.70312767123295","328.8802115068491","340.3430597260272","335","352","338","",""
"INTL.5-2-COM-TBPD.A","Comoros","0.9964931506849322","1.1592602739726032","0.7639123287671231","0.7790163934426227","0.9528328767123291","1.1340986301369862","1.0241331506849314","1.0701978082191779","1.2842649315068497","1.150829315068493","1.24119","1.45287","1.893087","",""
"INTL.5-2-COG-TBPD.A","Congo","7.327894794520554","8.488371506849324","9.888645479452059","10.6515868852459","12.29110136986302","13.664850410958906","15.055927671232881","14.769779726027396","16.86279780821917","17.29063890410958","17.156893150684933","16.625737","16.661918","",""
"INTL.5-2-COD-TBPD.A","Dem. Rep. Congo","12.816465753424659","14.437178082191776","14.596547945205486","12.362240437158476","10.673835616438357","15.359863013698625","18.676082191780818","18.322595628415304","26.783260273972594","36.39178082191777","21.144189","15.943903","20.972209","",""
"INTL.5-2-COK-TBPD.A","Cook Islands","0.5225657534246575","0.558769315068493","0.471697534246575","0.482754098360656","0.4456356164383564","0.529071232876712","0.593304109589041","0.627528767123288","0.62548493150685","0.659709589041096","0.610626","0.632348","0.393319","",""
"INTL.5-2-CRI-TBPD.A","Costa Rica","43.5365304109589","46.68599561643842","50.745046575342414","50.17119890710382","48.04763287671237","49.21292712328772","49.698622465753395","49.56693150684935","51.50871232876708","52.70126027397252","52","55.152082","56.130356","",""
"INTL.5-2-HRV-TBPD.A","Croatia","96.47080328767112","97.92943342465752","101.15402191780821","95.10430710382512","93.62566246575345","80.22268821917812","79.33965150684925","73.31030575342461","69.18171287671227","68.41623671232884","68.065178","69.086904","73.065178","",""
"INTL.5-2-CUB-TBPD.A","Cuba","156.43740931506846","151.20017534246568","149.7539901369863","161.97383278688523","163.7589863013699","189.202818630137","170.6995660273972","184.92598136986302","175.6634356164384","176.9583912328767","170","174","166","",""
"INTL.5-2-CYP-TBPD.A","Cyprus","54.62517808219178","56.49997260273972","58.18123287671231","60.2068579234972","58.245753424657565","55.99739726027403","55.42328767123287","51.995835616438384","46.49515068493151","46.7082191780822","47.286878","52.293296","53.293296","",""
"INTL.5-2-CZE-TBPD.A","Czechia","213.118338","211.662161","211.396408","215.18119","205.479452","202.323818","198.138157","195.509638","188.673254","202.480365","196.142466","180.183061","214.32805","216.903391","219.649399"
"INTL.5-2-CIV-TBPD.A","Côte d'Ivoire","35.588098630137","26.25458191780821","24.741686575342477","28.5986469945355","25.61602082191779","28.18608986301367","23.748500821917848","33.75773114754094","39.06293041095893","42.03110684931506","44.74796","53.538892","50.674559","",""
"INTL.5-2-DNK-TBPD.A","Denmark","183.463013","189.857534","190.326026","181.054644","166.512329","167.468493","163.367123","155.491804","154.761644","153.621919","154.479452","158.202187","158.536986","161.235616","165.520548"
"INTL.5-2-DJI-TBPD.A","Djibouti","5.585671232876706","5.223123287671239","5.416339726027399","5.970693989071033","5.280827397260283","5.953057534246573","4.601846575342461","5.913473972602733","6.113427397260266","6.216641095890411","5.602275","5.058573","6.448666","",""
"INTL.5-2-DMA-TBPD.A","Dominica","0.9852328767123293","0.9830986301369863","1.2357287671232873","1.1056502732240436","1.107295890410959","1.1629298630136988","1.1344043835616435","1.1158890410958902","1.07967208219178","1.1455934246575346","1.216575","1.226698","1.605745","",""
"INTL.5-2-DOM-TBPD.A","Dominican Republic","120.5696756164383","119.05071232876716","119.57098082191787","119.59566010928962","116.70721315068495","119.087594520548","113.76304438356172","120.68136438356171","116.08885808219179","111.25216328767121","123.127068","133.195534","124.130356","",""
"INTL.5-2-ECU-TBPD.A","Ecuador","193.87443506849323","203.39518356164388","209.20091726027394","215.41522950819675","231.41240438356175","245.5579428931507","245.8740713753425","249.618525030137","260.7560907178082","284.1659170410959","272.5138961315069","256.941797","256","",""
"INTL.5-2-EGY-TBPD.A","Egypt","647.1765895890414","664.2729391780822","704.4528328767127","726.5921573770488","770.5189449643836","800.8374457369856","781.7604555397254","811.4504645972597","817.2420071561645","874.307750241095","857.127068","830.147841","823","",""
"INTL.5-2-SLV-TBPD.A","El Salvador","43.39599561643843","45.24638246575343","47.611080547945164","44.598888524590144","44.952806575342464","44.18830904109586","44.11808438356165","45.14608219178082","43.763369863013764","45.53756164383557","48.59389","48.439103","45.471726","",""
"INTL.5-2-GNQ-TBPD.A","Equatorial Guinea","4.450272805479446","4.7982687260274","5.093421460273973","5.197041095890415","5.197041095890415","5.197041095890415","5.197041095890415","5.197041095890415","5.197041095890415","5.197041095890415","5.0935616438356135","5.2","5.419437","",""
"INTL.5-2-ERI-TBPD.A","Eritrea","5.421616438356161","3.705671232876705","3.8128767123287624","2.686530054644807","3.2804383561643844","3.251917808219182","3.301534246575344","3.500082191780822","3.577452054794522","3.737315068493151","3.738162","3.844479","4.796957","",""
"INTL.5-2-EST-TBPD.A","Estonia","26.145206","28.328767","29.838357","29.259564","25.906849","26.79452","26.463012","31.038252","30.613699","29.142465","29.117808","28.90164","30.189041","30.219178","29.145205"
"INTL.5-2-SWZ-TBPD.A","Eswatini","4.586903389041097","4.567892523287669","4.755185753424662","4.884186284152999","4.7612189041095805","4.784602465753428","4.83543287671233","4.9095983606557425","5.0184794520547955","5.198484931506852","5.434716","6.023079","5.332428","",""
"INTL.5-2-ETH-TBPD.A","Ethiopia","32.9077808219178","35.53202739726023","40.57701369863014","43.37254098360654","44.50090410958901","44.504493150684915","47.16734246575337","49.80019178082191","58.55482191780818","67.26865753424659","69.222465","80.253551","88","",""
"INTL.5-2-FLK-TBPD.A","Falkland Islands","0.2708493150684931","0.3124657534246579","0.3124657534246579","0.3116120218579236","0.3124657534246579","0.2856739726027397","0.2775726027397257","0.2830765027322406","0.2838520547945209","0.2838520547945209","0.296483","0.308273","0.3100145043865551","",""
"INTL.5-2-FRO-TBPD.A","Faroe Islands","5.030087808219178","4.925860027397266","5.130279205479454","4.7326210928961805","4.3669155616438315","4.662193753424653","4.3271869315068585","4.410613879781416","4.870415424657531","4.330850821917808","4.554940767123293","4.684524","4.375344","",""
"INTL.5-2-FJI-TBPD.A","Fiji","11.798384010958904","13.127551920547946","11.933724828876715","6.753252677595628","7.5880593890410974","6.995783068493153","15.244821917808228","7.855815248079449","9.932688808219183","12.979164325435098","16.539715","15.980651","16.562944","",""
"INTL.5-2-FIN-TBPD.A","Finland","220.843836","223.427397","228.117809","218.46448","205.123288","214.049315","208.290411","200.038252","210.558904","206.69315","206.876712","210.153006","208.868494","211.799999","203.936987"
"INTL.5-2-CSK-TBPD.A","Former Czechoslovakia","","","","","","","","","","","","","","",""
"INTL.5-2-SCG-TBPD.A","Former Serbia and Montenegro","86.08700273972607","","","","","","","","","","","","","",""
"INTL.5-2-SUN-TBPD.A","Former U.S.S.R.","","","","","","","","","","","","","","",""
"INTL.5-2-YUG-TBPD.A","Former Yugoslavia","","","","","","","","","","","","","","",""
"INTL.5-2-FRA-TBPD.A","France","1988.901369","1990.347945","1973.890412","1933.857923","1860.090411","1817.227397","1824.276712","1788.956286","1764.172602","1744.652054","1745.843834","1706.590164","1735.923288","1687.961644","1689.660274"
"INTL.5-2-GUF-TBPD.A","French Guiana","4.309868493150682","3.8032082191780847","4.283578082191782","4.304844262295081","5.4862767123287695","4.953101369863015","5.456202739726029","4.441010928961753","4.854024657534243","5.156739726027392","5.164955","5.687549","4.769953","",""
"INTL.5-2-PYF-TBPD.A","French Polynesia","6.6846093205479455","6.4923571424657585","6.854908216438355","7.010924808743169","6.991928767123292","6.995783068493153","6.725945205479454","6.531641693989065","6.6295343835616425","6.482710383561648","6.78457","6.671435","6.518941","",""
"INTL.5-2-GAB-TBPD.A","Gabon","15.51622904109588","15.547129863013698","16.48217205479453","16.452034972677605","16.083772054794522","20.0598645260274","21.14111708493151","21.97966418579235","23.05754309041096","23.04673263561644","22.0656322630137","21.662076","21.3","",""
"INTL.5-2-GMB-TBPD.A","Gambia, The","2.4327123287671264","2.631342465753422","2.7734520547945176","2.8707103825136655","3.127945205479454","3.2118273972602758","3.3826602739726073","3.277792349726777","3.284520547945205","3.611605479452047","3.695397","3.725671","3.546836","",""
"INTL.5-2-GEO-TBPD.A","Georgia","16.74880328767124","16.56387616438356","21.094152328767123","18.845841530054635","19.896797808219183","21.111315068493155","21.99693150684931","21.916061369863016","22.43895890410959","23.588794520547978","27.021381","33.036493","31.036493","",""
"INTL.5-2-DEU-TBPD.A","Germany","2624.068492","2635.775343","2406.690412","2533.461748","2434.495891","2466.928767","2392.235616","2389.177595","2435.112329","2373.879451","2367.706849","2383.393443","2450.084932","2333.076713","2362.298631"
"INTL.5-2-DDR-TBPD.A","Germany, East","","","","","","","","","","","","","","",""
"INTL.5-2-DEUW-TBPD.A","Germany, West","","","","","","","","","","","","","","",""
"INTL.5-2-GHA-TBPD.A","Ghana","43.77411945205473","42.83303013698631","47.6384580821918","48.51638579234967","58.19515506849316","58.95498958904102","66.81615890410956","76.21492240437163","77.33584657534239","77.54851397260278","86.190295","88.454272","88","",""
"INTL.5-2-GIB-TBPD.A","Gibraltar","78.76493150684938","76.96435616438359","83.19742465753421","80.7013114754099","85.69660273972607","82.84808219178082","82.45578082191784","82.95357923497265","76.64032876712331","72.49410958904107","74.6804381369863","75.798808","85.173808","",""
"INTL.5-2-GRC-TBPD.A","Greece","423.17824","444.234197","450.046471","429.209253","403.614696","369.841097","350.989042","305.95082","282.627398","283.317808","295.473972","296.147542","303.598175","298.654794","312.591781"
"INTL.5-2-GRL-TBPD.A","Greenland","4.552203131506847","4.139920413698633","4.791409123287674","4.128128030054641","4.368805553424661","5.699574479452056","5.429142421917805","4.258322218579239","4.156757073972602","3.7001237479452014","3.9729538191780804","4","4.349999","",""
"INTL.5-2-GRD-TBPD.A","Grenada","1.725566638356164","1.7853961506849316","1.8958731506849311","1.9639106557377077","1.9208758904109613","1.9842065753424623","2.0120150630136986","1.9985306010928998","2.2565043835616394","1.9180980821917826","2.000653","2.045535","2.058828","",""
"INTL.5-2-GLP-TBPD.A","Guadeloupe","14.277298630136988","14.728421917808214","15.320364383561635","14.264163934426232","14.09727671232877","15.048205479452056","16.615178082191782","12.292765027322407","12.276883561643846","11.958394520547941","13.640865","12.794587","12.875288","",""
"INTL.5-2-GUM-TBPD.A","Guam","25.17399153424658","26.11624134573964","18.74421513741708","11.66623770491804","18.72282324459378","16.818","14.577","15.619708732451787","13.246872736094767","12.8","13.5","12.569872873594713","12.569872873594713","",""
"INTL.5-2-GTM-TBPD.A","Guatemala","64.67850630136982","68.02127780821915","73.8356898630138","66.49449726775958","75.2338597260275","68.12033972602742","68.80322958904107","69.98970819672134","71.53086794520546","75.44044931506849","89","93","95.021726","",""
"INTL.5-2-GIN-TBPD.A","Guinea","12.834876712328766","13.263397260273965","13.861698630136987","14.04528907103825","14.951763287671234","17.62787643835616","18.382021917808217","17.658902732240442","15.709415068493149","16.5785506849315","18.45906","20.005844","19.047561","",""
"INTL.5-2-GNB-TBPD.A","Guinea-Bissau","2.018672876712328","2.0668405479452057","2.198186301369863","2.1353612021857913","2.219963835616439","2.278627397260274","2.3145057534246574","2.354945901639345","2.4180657534246577","2.5393098630136994","2.624536","2.740278","2.471728","",""
"INTL.5-2-GUY-TBPD.A","Guyana","9.932729101369853","8.907909802739718","10.941821671232878","10.387071661202187","10.812559317808219","11.582361939452058","12.093151887945199","13.60423679234973","13.255431780821919","13.252109589041094","13.578446","15.285497","14.357153","",""
"INTL.5-2-HTI-TBPD.A","Haiti","14.27271232876712","14.618739726027394","16.308575342465744","16.264016393442628","15.425780821917812","14.110794520547941","15.425780821917812","16.24327759562842","17.58016438356166","19.022931506849336","22.088109","23.087868","23.125","",""
"INTL.5-2-HITZ-TBPD.A","Hawaiian Trade Zone","","","","","","","","","","","","","","",""
"INTL.5-2-HND-TBPD.A","Honduras","42.86605479452053","39.64619178082185","50.69410958904114","49.43923497267755","44.388000000000076","46.021205479452036","47.066465753424616","51.02467213114755","51.66619178082193","55.88356164383567","62.080082","57.499698","58.477972","",""
"INTL.5-2-HKG-TBPD.A","Hong Kong","286.96188745412246","308.3742504075124","334.8851891375895","300.8255362271028","370.9869015111576","416.55738975445934","369.63431773929466","340.45956774237845","347.74209206168706","322.1586774532605","394.769393","407.374214","423.772273","",""
"INTL.5-2-HUN-TBPD.A","Hungary","154.758904","163.150685","160.920547","158.502732","156.638355","149.295891","142.241097","132.090164","130.482192","145.723288","155.49315","155.554645","167.706848","179.290411","180.073972"
"INTL.5-2-ISL-TBPD.A","Iceland","17.126027","18.008219","17.987098","16.42623","15.241096","14.649314","14.40274","14.248635","14.923288","15.624658","17.312328","19.106557","21.356163","23.161645","17.917809"
"INTL.5-2-IND-TBPD.A","India","2465.435232876712","2654.0014520547948","2853.348986301369","2949.9810382513656","3019.285671232877","3141.96739726027","3221","3398","3423","3550","3848","4233","4337","",""
"INTL.5-2-IDN-TBPD.A","Indonesia","1371.6273972602737","1293.1488493150682","1351.1244383561643","1397.7587704918028","1429.6510136986305","1506.3209863013694","1553.4699452054788","1622.6817213114757","1587.2546575342462","1625.9642191780813","1625","1596","1753","",""
"INTL.5-2-IRN-TBPD.A","Iran","1558.4218630136993","1704.0294520547952","1744.1178904109584","1842.3919125683062","1911.2827868493155","1803.801736986302","1686.97722630137","1854.519924590164","1931.6351298630143","1964.3855945205469","1822.9849227397262","1750.250074","1821.744285","",""
"INTL.5-2-IRQ-TBPD.A","Iraq","489.079260273973","464.9352328767124","429.0666936986302","482.3399453551914","585.9145830136979","603.2165670246575","635.7393634191781","785","861","879","803","860","829","",""
"INTL.5-2-IRL-TBPD.A","Ireland","197.594521","204.906851","194.731507","192.360655","166.10411","166.575341","145.180822","137.999999","140.616438","140.134248","145.778082","152.20765","153.282192","159.323288","159.082193"
"INTL.5-2-ISR-TBPD.A","Israel","233.435616","242.145205","250.750687","246.095629","232.747945","251.241095","249.471233","296.344263","223.115068","205.742467","217.435615","221.010927","238.041097","232.043836","236.073973"
"INTL.5-2-ITA-TBPD.A","Italy","1780.569863","1776.586302","1728.704109","1666.789618","1544.235615","1544.243835","1493.80274","1370.136612","1260.071232","1266.260274","1273.783562","1236.669398","1244.254795","1272.230138","1204.967124"
"INTL.5-2-JAM-TBPD.A","Jamaica","70.6753413698631","81.10513643835614","82.81140054794511","69.95712459016391","55.92122520547947","51.18504986301376","53.857509041095895","49.92567322404373","53.95170849315071","52.99632219178086","54.021178","58.364083","52.55863","",""
"INTL.5-2-JPN-TBPD.A","Japan","5298.046576","5167.326026","5003.427397","4751.478142","4330.810959","4401.89589","4413.380824","4675.434427","4516.682193","4282.252055","4163.021919","4030.174865","3932.484933","3786.123288","3651.920548"
"INTL.5-2-JOR-TBPD.A","Jordan","112.03019197479448","105.55899274630141","104.26117532493147","94.06614793989073","98.64279401095894","107.125417689863","131.25799685917806","145.54956354644807","139","153","133","116","128","104.938581",""
"INTL.5-2-KAZ-TBPD.A","Kazakhstan","201.52568219178082","210.26475835616438","227.68933260273985","260.9683519125683","201.3203287671232","234.41818849315072","270.65618630136976","245.65619506849313","250.78129643835615","248.89434958904104","306","334","318","",""
"INTL.5-2-KEN-TBPD.A","Kenya","62.67850849315067","69.33218958904104","69.33445698630133","70.95700874316944","82.13950356164383","85.03976986301367","87.30881095890398","81.637969398907","87.80027945205477","90.06578630136995","105","114","116","",""
"INTL.5-2-KIR-TBPD.A","Kiribati","0.43739506849315113","0.48507561643835645","0.4452191452054799","0.4959131147540984","0.43410410958904144","0.43127068493150694","0.40000219178082197","0.3939262295081968","0.40051698630136945","0.39943205479452","0.419868","0.44865","0.4511182205254899","",""
"INTL.5-2-KWT-TBPD.A","Kuwait","332.1441369863007","325.1206575342465","366.2547353424654","395.79107923497287","523.009316736986","476.054677","456.636214","463.600314","480.446234","462.410016","489.308178","472.348202","447.348202","464.485859",""
"INTL.5-2-KGZ-TBPD.A","Kyrgyzstan","13.981081643835617","17.410613698630137","22.646553424657533","25.015566120218548","30.541848767123295","26.677832328767117","28.339585753424664","36.295077260273935","36.24591780821918","32.16053150684932","34.304164","40","35.477972","",""
"INTL.5-2-LAO-TBPD.A","Laos","9.206527199999993","11.235068178082193","10.811310112328767","12.284457087431692","13.92746537260274","14.470074364383558","14.937032281095904","16.650892939071078","17.09168426191779","17.731026088767166","20.584793","20.674682","18.366989","",""
"INTL.5-2-LVA-TBPD.A","Latvia","35.936986","37.424657","39.819177","38.14754","36.147945","37.441096","34.230138","34.180327","34.682191","34.88767","36.726027","37.685794","38.293151","35.31507","38.421918"
"INTL.5-2-LBN-TBPD.A","Lebanon","96.48679452054796","90.35298630136984","78.86989041095889","105.57841530054641","128.4023287671233","119.80126027397264","124.06328767123294","140.10360655737693","139","148","163","169","178","158.680449",""
"INTL.5-2-LSO-TBPD.A","Lesotho","2.995390410958903","2.9667252054794555","4.348017235616431","3.2039530054644767","3.690692602739727","3.806238356164381","3.9719397260274003","4.258216844262292","4.283781232876708","4.477911967123293","4.487274","4.706652","4.717945","",""
"INTL.5-2-LBR-TBPD.A","Liberia","4.5515658082191806","4.681988046575338","4.348017235616431","3.8292058885245903","3.5492057917808246","5.576522575342465","6.233952821917811","6.879731049180326","6.177608926027395","8.088527835616441","8.181291","9.348411","8.327355","",""
"INTL.5-2-LBY-TBPD.A","Libya","275.5820416438354","262.7873106849314","249.98059178082192","259.8765486338797","302.3919035616435","310.3571523287671","189.2807463780822","253.0345205369863","257.515871890411","269.2694779616438","221","204.537103","201","",""
"INTL.5-2-LTU-TBPD.A","Lithuania","58.895891","58.531507","60.830137","63.808742","55.364384","55.753425","53.857535","54.759562","53.09041","52.260274","57.142465","61.661201","64.20822","68.161644","66.81096"
"INTL.5-2-LUX-TBPD.A","Luxembourg","65.121078","61.671232","61.231286","61.295082","57.572603","60.068495","61.504111","59.196722","58.482192","56.79452","56.232877","56.177596","59.378082","62.934247","64.312328"
"INTL.5-2-MAC-TBPD.A","Macau","14.544787455845615","14.920473872663047","13.934017299905229","11.561585328384377","12.6960833290256","9.796641743775316","10.689814511932456","10.986517097982606","10.985719169466703","11.294972489015247","17.409552","17.063316","17.800046","",""
"INTL.5-2-MDG-TBPD.A","Madagascar","12.833428593424657","12.645860857534243","13.382836397260277","14.349256234972685","12.118333315068496","12.867607276712327","13.984242421917802","15.471826483606549","15.076274301369853","16.601174684931504","18.876739","20.684553","17.768029","",""
"INTL.5-2-MWI-TBPD.A","Malawi","4.678956835890412","4.9310924852054825","4.817771958904111","5.8238635819672195","5.145847380547941","6.46735821972603","6.082851838630137","5.978579205737711","6.200251236986309","6.3101101410958895","5.832842","6.831114","5.868899","",""
"INTL.5-2-MYS-TBPD.A","Malaysia","520.4215096986301","523.7772361643836","608.18952774137","577.7980518087433","620.7560729468489","594.7757969315073","657.2276580821929","649.3049704918028","726.7857681095894","738.0767112328772","689.084712","708.316803","730","",""
"INTL.5-2-MDV-TBPD.A","Maldives","4.858928767123288","6.132526027397259","6.344981890410955","6.909379016393439","7.367532273972606","7.448627397260272","8.04144104109589","10.195702185792353","10.824009369863019","14.476339041095887","10.721305","11.483373","11.901991","",""
"INTL.5-2-MLI-TBPD.A","Mali","6.7469589041095865","7.945452054794525","9.514027397260278","11.294918032786889","14.299506849315064","14.299506849315064","15.621123287671228","16.581967213114748","17.818630136986283","19.065123287671213","20.607202","20.404723","22.493143","",""
"INTL.5-2-MLT-TBPD.A","Malta","31.971013698630138","32.66304109589043","35.47202739726024","36.80743169398904","39.34476712328772","46.61205479452054","44.26361643835616","42.08459016393445","40.01553424657537","40.794027397260315","43.09331506849315","47.225","51.296726","",""
"INTL.5-2-MTQ-TBPD.A","Martinique","15.29775429479452","15.184886901917817","15.710719848767118","15.75270010491803","15.751916729863002","15.691329366575335","16.361304316712324","16.562082718032798","16.74685415013698","17.307173156164374","14.835707","14.964925","17.066994","",""
"INTL.5-2-MRT-TBPD.A","Mauritania","10.424369863013697","10.132357972602742","11.5248226849315","14.165155737704913","13.956463013698635","13.585649315068492","14.774638356164386","16.292038251366122","14.578150684931506","17.43262739726023","17.293887","16.105644","17.149488","",""
"INTL.5-2-MUS-TBPD.A","Mauritius","22.681232876712322","22.724712328767136","22.717260273972602","22.3222131147541","22.115342465753436","23.508493150684924","25.050630136986307","24.866939890710373","24.961780821917806","25.724602739726027","26.22183508219178","28.254344","31","",""
"INTL.5-2-MEX-TBPD.A","Mexico","2068.613699","2075.780822","2135.471234","2125.770492","2058.312327","2094.284933","2120.271234","2102.051912","2090.386301","2039.690411","2006.328767","2052.614755","2019.950685","2015.230138","1889.588128"
"none","Micronesia","","","","","","","","","","","","","","",""
"INTL.5-2-MDA-TBPD.A","Moldova","14.42234958904109","14.048418630136995","14.596403287671237","15.55092459016394","15.192751780821917","16.72408328767124","17.429993424657535","16.550201643835614","16.364886575342464","17.422794520547946","17.754878","19.002597","18.34347","",""
"INTL.5-2-MNG-TBPD.A","Mongolia","12.040493150684926","13.881561643835616","17.06687671232876","18.15510928961749","16.525479452054796","17.355534246575345","21.585589041095922","24.599041095890385","25.62106849315071","24.381369863013674","24.073917","21.073715","27","",""
"INTL.5-2-MNE-TBPD.A","Montenegro","","7.776739726027406","8.209068493150687","8.447540983606556","6.852520547945202","6.523342465753423","6.237753424657529","5.872076502732239","5.680876712328772","5.811945205479457","7.4823","7.467533","8.471013","",""
"INTL.5-2-MSR-TBPD.A","Montserrat","0.2810958904109588","0.2810958904109588","0.3169041095890409","0.42393442622950794","0.3441860273972604","0.4645301369863016","0.3218356164383557","0.3067374316939892","0.38469041095890427","0.3605468493150686","0.405664","0.23026","0.2979853560895259","",""
"INTL.5-2-MAR-TBPD.A","Morocco","199.05505534246566","203.34705424657537","215.72704767123292","228.1699650273224","242.3967353424657","260.8671616438356","281.5006334246575","282.0182054644809","285.1806915068495","280.6292383561644","274","275","293","",""
"INTL.5-2-MOZ-TBPD.A","Mozambique","11.012876712328769","11.746794520547937","14.905698630136992","13.310983606557373","15.00035616438353","16.100465753424682","18.122328767123275","17.51330601092895","20.308947945205492","22.22512328767121","26","40","42","",""
"INTL.5-2-NAM-TBPD.A","Namibia","16.660164383561636","16.280684931506848","16.928301369863014","18.65333333333331","19.712136986301328","20.96643835616434","21.495041095890407","21.784808743169414","23.343808219178072","24.620082191780856","26.720383","26.718413","27","",""
"INTL.5-2-NRU-TBPD.A","Nauru","0.5007890410958906","0.3613824657534242","0.3534819178082193","0.3591699453551916","0.3513342465753422","0.3709860273972609","1.075408219178082","0.362842349726776","0.4124904109589049","0.43271205479452096","0.448458","0.465225","0.49656542997230385","",""
"INTL.5-2-NPL-TBPD.A","Nepal","15.798000000000002","14.409863013698613","13.67216438356164","16.729125683060115","19.927013698630105","21.937534246575304","22.8494520547945","24.856338797814203","27.07830136986302","30.021726027397268","25.398985","43.482376","53","",""
"INTL.5-2-NLD-TBPD.A","Netherlands","1046.221917","1072.70685","1080.29863","1033.423497","979.712327","985.260275","990.706849","962.724043","939.734247","932.145205","921.315067","937.076503","945.6","931.443835","899.265753"
"INTL.5-2-NLDA-TBPD.A","Netherlands Antilles","90.81081315068498","91.56963068493151","96.92493260273974","96.44121420765023","92.6176789041096","79.47327342465759","89.87162630136979","83.3509539726028","83.68338191780828","84.519178630137","86.70864986301376","87.3","88.154935","",""
"INTL.5-2-NCL-TBPD.A","New Caledonia","13.89625753424658","13.547460273972607","14.859093150684927","14.732030054644806","14.927761643835627","15.29800821917808","14.549288767123285","15.83722060273224","17.53934810958905","20.48523647123288","18.979059","19.190618","20.93696","",""
"INTL.5-2-NZL-TBPD.A","New Zealand","152.761645","154.342466","155.739726","157.5847","151.010959","152.29863","152.704108","151.765027","154.512328","156.213699","160.747946","168.363388","176.641095","179.515069","180.630137"
"INTL.5-2-NIC-TBPD.A","Nicaragua","27.656869041095884","28.27936986301367","29.775775342465753","28.26403825136612","28.97368876712331","28.96257753424654","31.051009315068534","29.64997595628415","30.191132054794522","31.716337534246563","36.148246","36.130356","36.173808","",""
"INTL.5-2-NER-TBPD.A","Niger","4.263671232876712","4.352301369863012","4.920465753424656","5.44647540983607","6.64438356164383","8.396082191780819","8.079852054794515","12.139830601092903","14.228015342465756","12.852580821917808","13.980626","12.966014","13.458286","",""
"INTL.5-2-NGA-TBPD.A","Nigeria","309.57034630137","249.888259726027","217.45147616438322","276.6791387978141","237.17178301369884","292.277931660274","279.6620538630137","277.6311236721311","429.2737514958904","454","410","424.894508","429","",""
"INTL.5-2-NIU-TBPD.A","Niue","0.04494538369863019","0.04465152041095895","0.041302753205479485","0.06607111303278686","0.04306010482794536","0.0401045050785749","0.04483699559845832","0.04410332769422814","0.04755010882829073","0.04920944271041742","0.053803","0.052151","0.056407337702331375","",""
"INTL.5-2-PRK-TBPD.A","North Korea","18.61871123287671","14.249445479452058","17.037799452054795","17.41789180327869","17.0377304109589","16.95118465753424","17.393925479452054","16.693477595628423","18.103752328767122","17.245852054794526","19.529684","20.782171","18.462482","",""
"INTL.5-2-MKD-TBPD.A","North Macedonia","17.650301369863012","18.275561643835623","20.14865753424658","17.90174863387979","18.7994794520548","18.40268493150685","18.996684931506852","18.728306010928964","18.759589041095893","18.702630136986294","20.495726027397303","21","21.318996","",""
"none","Northern Mariana Islands","","","","","","","","","","","","","","",""
"INTL.5-2-NOR-TBPD.A","Norway","221.602739","227.101369","238.276713","223.349727","222.8","228.832878","220.238355","215.221312","218.342466","211.232875","214.643836","212.22951","214.884932","221.698629","189.501369"
"INTL.5-2-OMN-TBPD.A","Oman","80.32555129863015","89.65440696986312","101.57954476712334","131.5993953661202","109.40274235616448","123.65848223561649","134.7570808109589","151.53476655737703","148.08471232876713","165.08471232876713","173","166","170","182.514597",""
"INTL.5-2-PAK-TBPD.A","Pakistan","340.2751736986303","379.08873534246584","400.5388794520549","395.559449180328","398.33391728767106","411.2410743890415","413.31714836712314","420.30972767213115","461.65448752876733","497.81290915616404","526","561","572","",""
"INTL.5-2-PSE-TBPD.A","Palestinian Territories","20.015517808219172","16.882767123287618","17.600090410958902","15.379262295081967","15.823536986301367","15.523205479452058","17.131591780821925","16.685327868852458","18.578073972602745","20.377123287671207","22.718098630136993","24.001","24.235007","",""
"INTL.5-2-PAN-TBPD.A","Panama","91.40865753424656","101.45534246575343","95.27082191780828","111.32836065573775","108.75583561643832","125.32671232876719","124.86471232876721","135.56978142076505","135.00353424657524","139.40643835616433","147.021178","155.043452","168.043452","",""
"INTL.5-2-PNG-TBPD.A","Papua New Guinea","28.543923833972606","28.89176993369867","31.051825027945196","31.027148500546442","32.89625775342463","31.01285808219178","19.727971506849318","32.64508448087428","35.286280219178096","36.81929731506844","33.349499","42.99577","38.346224","",""
"INTL.5-2-PRY-TBPD.A","Paraguay","24.250271780821915","26.206958904109555","27.344356164383555","28.262923497267813","29.32978082191784","33.2579726027397","33.82789041095886","35.777923497267714","35.44024657534242","37.19726027397264","46","54","60.091232","",""
"INTL.5-2-PER-TBPD.A","Peru","167.75477260273962","167.42280657534243","161.18698849315072","190.1030502732241","197.1076021917808","203.9314038356164","215.75992657534252","226.05754754098362","228.57017095890416","223.98344438356168","234","246","255","",""
"INTL.5-2-PHL-TBPD.A","Philippines","312.8729424657534","299.2173402739728","306.0741150684928","310.94069617486326","292.5521008219179","315.607515616438","300.55977863013675","313.08782950819705","326.64175561643805","348.27259726027387","378","407","433","",""
"INTL.5-2-POL-TBPD.A","Poland","471.022448","502.271233","523.723289","539.507103","543.70411","567.589042","558.583562","533.283061","504.964385","504.39726","540.668492","582.172131","657.742466","679.873973","693.89863"
"INTL.5-2-PRT-TBPD.A","Portugal","336.920548","302.709589","307.991781","292.576503","276.071234","273.663014","256.361644","230.254098","234.161643","233.460275","237.350686","237.133879","241.936987","231.539726","250.320548"
"INTL.5-2-PRI-TBPD.A","Puerto Rico","215.21369863013697","186.6635561643835","180.25419726027397","166.50096448087436","155.61562739726034","126.32391232876715","142.53403835616436","141.02299180327873","116.24924109589041","107.71506849315074","108.71506849315072","96.74601717144492","96.74601717144492","",""
"INTL.5-2-QAT-TBPD.A","Qatar","96.01848328767127","121.89454136986303","138.92005726027392","172.4032601092895","184.8501293150684","196.60295397260285","185.73667726027392","228.0037595628415","216.790752830137","239.83799965479452","237.53762553150685","266.433045","293.771183","274.547018",""
"INTL.5-2-REU-TBPD.A","Reunion","16.39482465753424","15.280079452054792","14.540742465753423","16.255704918032784","16.95151506849315","18.587578082191772","18.042720547945205","16.636316939890705","15.98455068493151","16.779895890410955","17.800825","18.347557","18.386289","",""
"INTL.5-2-ROU-TBPD.A","Romania","224.55977095890412","217.62662794520548","222.8103495890411","215.73361530054643","192.88095452054804","191.74679999999992","185.07941150684925","189.62862295081968","183.83503452054796","184.60230027397262","190.10863","198.238986","210.021726","",""
"INTL.5-2-RUS-TBPD.A","Russia","2619.7437039452057","2726.822822093151","2710.9208268712337","2847.2172411038246","2749.206919528767","2965.641449117808","3130.776540734247","3179.368419977996","3345.934492367123","3607.432985013699","3659","3495","3685","",""
"INTL.5-2-RWA-TBPD.A","Rwanda","3.6905379479452","3.7315919342465733","3.803839884931502","3.8983707377049206","4.055841643835621","4.370986301369855","4.92625589041096","5.385311475409836","5.775213698630134","5.9743131506849325","6.627911","6.681599","6.409559","",""
"INTL.5-2-SHN-TBPD.A","Saint Helena","0.0715457534246576","0.065498904109589","0.0828145205479452","0.0670950819672131","0.0631229041095891","0.071834794520548","0.069993698630137","0.0773155737704918","0.0743150684931507","0.0705482191780822","0.065116","0.06541","0.0606379074781046","",""
"INTL.5-2-KNA-TBPD.A","Saint Kitts and Nevis","1.4741205479452077","1.5239698630137002","1.6078958904109564","1.6022540983606595","1.6399041095890454","1.651306849315064","1.704854794520546","1.6806284153005475","1.6765205479452092","1.698424657534248","1.742832","1.790663","1.531908","",""
"INTL.5-2-LCA-TBPD.A","Saint Lucia","2.7893648482191775","2.8082760460273994","2.9007703975890458","2.9713838251366105","2.9140679460822","3.04105974345206","3.084711937095888","3.062541197032785","3.063420810958898","3.0955886136986317","3.112541","3.14522","3.269977","",""
"INTL.5-2-SPM-TBPD.A","Saint Pierre and Miquelon","0.5635616438356165","0.5635616438356165","0.5839999999999995","0.582404371584699","0.5839999999999995","0.6044383561643835","0.6085260273972605","0.598710382513661","0.6146575342465755","0.6499890410958903","0.6499890410958903","0.66","0.47388","",""
"INTL.5-2-VCT-TBPD.A","Saint Vincent/Grenadines","1.5966383561643844","1.5986821917808225","1.6344438356164386","1.6166355595628414","2.2443746958904107","1.6167058868493156","1.497704090684932","1.8328108521857944","1.5087936972602742","1.6037410958904108","1.6210698630136948","1.619","1.318674","",""
"INTL.5-2-WSM-TBPD.A","Samoa","1.3264684931506845","1.3890575342465754","1.4651616438356176","1.4993743169398912","1.5631397260273976","1.5831890410958902","1.6463232876712326","1.6427568306010927","1.6509961643835622","1.6830794520547947","2.362965","2.155307","2.680122","",""
"INTL.5-2-STP-TBPD.A","Sao Tome and Principe","0.6600410958904109","0.6861369863013703","0.7051945205479453","0.7732459016393439","0.830246575342465","0.9056383561643842","0.9334438356164393","0.9854234972677596","0.9881232876712335","0.9881232876712335","1.027442","1.068022","1.070155","",""
"INTL.5-2-SAU-TBPD.A","Saudi Arabia","1936.5135999999998","2030.45368219178","2115.9954794520545","2263.367742076503","2472.6453356164384","2675.58628767123","2784.42621917808","2979.89945901639","2963.84498630137","3189.05202739726","3258.797998","3119.448054","3328","",""
"INTL.5-2-SEN-TBPD.A","Senegal","36.99086246575338","36.22536767123288","38.18382465753427","39.293137704918024","36.38701369863016","37.9313928767123","39.74772931506853","38.527659016393486","39.7963068493151","43.35996821917808","47.9041","49","52","",""
"INTL.5-2-SRB-TBPD.A","Serbia","","89.97166666666654","91.67701369863022","86.1822677595629","83.53378082191779","80.82756164383561","80.50271232876709","70.62363387978144","73.72120547945205","70.16852054794525","72.73424657534252","74","75.123998","",""
"INTL.5-2-SYC-TBPD.A","Seychelles","7.154697534246581","7.59146821917808","6.273947397260276","6.826160491803283","7.40849523287671","6.733201643835613","5.746809863013695","6.5971027322404385","5.958139178082195","6.973240000000005","7.225152","8.048356","7.359211","",""
"INTL.5-2-SLE-TBPD.A","Sierra Leone","3.354346027397258","4.381036438356158","3.990736356164385","3.7771411475409855","3.95355972602739","4.232557534246576","5.393114520547949","6.177714207650268","7.364216712328766","8.06020575342465","6.439093","6.627997","6.167821","",""
"INTL.5-2-SGP-TBPD.A","Singapore","856.4292361643829","933.8215967123291","990.0163780821923","1008.4603421912565","1028.2778608219187","1171.4969976547948","1265.6729797260282","1251.9141857923494","1249.122302465754","1235.508750684931","1267","1352","1403","",""
"INTL.5-2-SVK-TBPD.A","Slovakia","79.16862938587643","79.10715361916772","83.293152","85.590163","80.536987","83.6","82.969864","76.057376","77.232876","73.321462","79.330077","81.669399","90.284932","91.55662","85.114348"
"INTL.5-2-SVN-TBPD.A","Slovenia","53.682192","55.476712","55.276712","64.065574","54.830137","55.473974","55.00822","54.068306","51.383562","50.367124","49.408219","52.319672","53.750684","56.80274","53.632877"
"INTL.5-2-SLB-TBPD.A","Solomon Islands","1.3146301369863023","1.3380000000000003","1.4781095890410958","1.4338243169398912","1.4333690410958897","1.4918282191780818","1.4637972602739724","1.472814207650273","1.567249315068493","1.584975342465754","1.577121","1.375773","2.281029","",""
"INTL.5-2-SOM-TBPD.A","Somalia","5.41691879452055","5.4567306301369864","5.52660273972603","5.461994535519123","5.439232876712333","5.590136986301372","5.590136986301372","5.57486338797814","5.590136986301372","5.590136986301372","5.79082","5.893011","5.511928","",""
"INTL.5-2-ZAF-TBPD.A","South Africa","506.1169578082193","500.9230345205477","586.5343747945199","614.0550098360663","587.9031693150682","592.46967890411","660.8462695890406","623.4283377049177","640.3987156164386","610.6699998783595","634","604","619","",""
"INTL.5-2-KOR-TBPD.A","South Korea","2191.336986","2179.904109","2240.509589","2142.308744","2188.50137","2268.569864","2259.372604","2321.612022","2328.29589","2347.8","2473.147945","2605.42623","2629.79452","2566.550685","2545.682191"
"INTL.5-2-SSD-TBPD.A","S. Sudan","","","","","","","","9.709535519125685","10.276849315068501","10.632739726027388","13.059012","11.590437","7.744341","",""
"INTL.5-2-ESP-TBPD.A","Spain","1607.257534","1588.169863","1611.139726","1547.002732","1467.490411","1441.035616","1385.276711","1300.909836","1208.153425","1199.673973","1246.591781","1290.076503","1297.372603","1332.046576","1327.967124"
"INTL.5-2-LKA-TBPD.A","Sri Lanka","87.80085698630141","86.83701150684931","88.60337972602747","86.38406666666671","82.6963232876713","88.83489205479457","101.68522520547947","109.22439781420773","95.47760438356164","105.81179835616443","108","124","137","",""
"INTL.5-2-SDN-TBPD.A","Sudan","80.14584109589048","96.33501589041099","102.1185764383562","111.36663606557373","113.03221479452053","117.36312657534255","110.89561643835623","106.58947431693989","105.85617315068494","106.88835397260276","118.148246","137.190602","137","",""
"INTL.5-2-SUR-TBPD.A","Suriname","11.294730082191787","12.430717150684929","11.450553095890417","14.070869398907098","14.490180273972605","16.57359391780821","13.365050361643833","15.779976644808743","14.740986597260278","15.231405632876713","14.733949","13.808216","13.676712","",""
"INTL.5-2-SWE-TBPD.A","Sweden","362.575343","363.057535","357.6","351.117486","324.457534","342.846576","322.043837","308.248635","306.676713","302.947946","301.572603","317","322.024657","292.164384","295.701371"
"INTL.5-2-CHE-TBPD.A","Switzerland","266.632875","265.852055","254.449315","262.306011","255.583562","260.632876","241.936986","245.666666","250.712328","230.399999","226.882693","228.18306","224.726028","222.117808","227.934247"
"INTL.5-2-SYR-TBPD.A","Syria","333.3829380821915","351.9672953424653","371.4485983561648","379.9970262295074","331.23885150684913","307.60781589041096","284.93349041095934","212.36897704918033","146.04235616438356","127.04235616438356","122.04235616438356","119.035694","120.030042","",""
"INTL.5-2-TWN-TBPD.A","Taiwan","987.4366861699665","996.3887532222788","1044.188579283931","984.1106272692892","977.8335408063584","1020.3802008020157","944.0388994880337","935.2281833572877","938.0336947489956","947.219531262876","974.166931","978.521291","1016.476719","",""
"INTL.5-2-TJK-TBPD.A","Tajikistan","6.029953972602741","7.523399452054795","10.415310684931514","10.846061202185796","10.484899726027404","11.067718356164377","11.656184109589038","15.744689617486337","18.352623561643842","22.617768767123298","22.076101","23.757091","20.865478","",""
"INTL.5-2-TZA-TBPD.A","Tanzania","30.20821917808215","31.494684931506804","30.31816438356163","31.29054644808739","29.027534246575364","34.744465753424635","43.90882191780822","56.18745901639346","59.130849315068474","58.70465753424661","54.434791","53.970924","72.117143","",""
"INTL.5-2-THA-TBPD.A","Thailand","1001.9096557456711","1000.0149609166883","1001.7191946790718","975.4076980582183","1027.0314308951502","1088.4829622675968","1107.6956819712238","1158.433172766952","1261.6797166675278","1252.0743702110803","1257.182648","1297.189022","1330.043346","",""
"INTL.5-2-BHS-TBPD.A","The Bahamas","20.81917808219178","24.063013698630144","27.572602739725987","27.08196721311475","20.46575342465753","21.408219178082195","18.698630136986303","21.398907103825092","20.08493150684931","19.819178082191787","19.147941","19.98087","20.143711","",""
"INTL.5-2-TLS-TBPD.A","Timor-Leste","1.2479616438356167","1.2727452054794528","1.3187260273972596","1.444674863387974","1.6194164383561638","1.6887671232876678","1.753013698630136","2.0641420765027285","3.100509589041092","3.5501534246575317","3.48111","3.402741","4.116181","",""
"INTL.5-2-TGO-TBPD.A","Togo","7.82191780821918","6.652273972602738","7.192547945205477","9.031010928961756","17.137342465753427","15.845917808219173","14.414739726027399","12.814262295081964","13.336410958904105","14.057013698630135","15.266519","15.265791","15","",""
"INTL.5-2-TON-TBPD.A","Tonga","0.8613797260273971","0.9769197260273973","0.8261580821917814","0.8948467213114758","0.9802402739726028","0.8930060273972601","0.844251506849315","0.8356410491803283","0.7974307671232879","0.8701529589041102","0.910005","0.9491","0.884559","",""
"INTL.5-2-TTO-TBPD.A","Trinidad and Tobago","50.124522739725975","49.407378630137","51.91544986301379","50.509629508196795","49.30795726027397","46.473786301369806","47.45693698630137","43.15358907103831","51.800317808219184","48.50552219178083","51.357608","52.460994","57.869516","",""
"INTL.5-2-TUN-TBPD.A","Tunisia","93.07371835616435","93.0011583561644","93.99839013698634","91.92395956284157","87.93691068493153","87.6664580821918","81.10048547945206","85.79556612021864","87.96154958904106","95.73095671232876","102","98","104","",""
"INTL.5-2-TUR-TBPD.A","Turkey","659.334248","677.586301","689.805479","677.685794","703.164384","674.849314","655.339726","688.510929","746.821917","762.681967","881.542916","942.132577","990.812694","958.375859","991.249844"
"INTL.5-2-TKM-TBPD.A","Turkmenistan","116.35891835616434","115.79365041095892","117.26850301369872","119.59466885245912","110.82788493150682","121.02599780821915","125.87352109589023","131.60758797814208","143.53327123287664","155.14891726027392","151","149","150","",""
"INTL.5-2-TCA-TBPD.A","Turks and Caicos Islands","0.817534246575342","0.940164383561644","1.10367123287671","1.17199453551913","1.18542465753425","1.22630136986301","1.22630136986301","1.22295081967213","1.23652054794521","1.32849315068493","1.369369","1.416584","2.024298","",""
"none","Tuvalu","","","","","","","","","","","","","","",""
"INTL.5-2-USIQ-TBPD.A","U.S. Pacific Islands","2.013753424657539","2.06","2.06","2.06","2.06","2.41","2.06","2.06","2.06","2.06","2.06","2.06","2.13622","",""
"INTL.5-2-USOH-TBPD.A","U.S. Territories","","","","","","","","","","","","","","",""
"INTL.5-2-VIR-TBPD.A","U.S. Virgin Islands","108.74794520547945","115.54520273972597","109.42243835616439","62.28574043715854","56.65715616438351","51.72864657534248","35.60336438356163","19.530912568306007","10.1315205479452","20.479452054794525","20.1986301369863","16.439537132961355","16.439537132961355","",""
"INTL.5-2-UGA-TBPD.A","Uganda","13.748356700273968","16.299057413698634","19.763679344958913","19.7182395703279","21.418281277862985","24.650482308767167","26.269372568356147","24.92817550732239","26.120481058739475","31.629202043114667","31.489366","32.823655","31.899616","",""
"INTL.5-2-UKR-TBPD.A","Ukraine","320.0823923287679","324.4674575342467","351.36324054794585","334.4938338797815","322.8291090410967","306.26920986301434","291.9123945205474","262.2305534246577","242.13923397260288","245.72688876712326","222.628849","246.621666","241.60766","",""
"INTL.5-2-ARE-TBPD.A","United Arab Emirates","524.5779145205474","561.8877567123291","586.5646095890414","628.8465103825135","622.5269019178082","645.0072827397256","703.795897260274","718.8539693989076","777.6545758904107","818.7820841095892","875.4510652054795","894.39589","905.085619","",""
"INTL.5-2-GBR-TBPD.A","United Kingdom","1819.043835","1805.457533","1750.663014","1729.368853","1643.989041","1624.471232","1582.005479","1534.349728","1512.345206","1517.70137","1559.873972","1595.62295","1625.389042","1608.336985","1568.323288"
"INTL.5-2-USA-TBPD.A","United States of America","20802.16112328767","20687.417556164382","20680.378057534246","19497.96407377049","18771.399553424657","19180.123356164382","18886.69731780822","18486.659019125684","18966.86825479452","19100.082208219177","19533.51127671233","19687.234595628415","19957.723950684933","20504.482030136987","20463.78033150685"
"INTL.5-2-URY-TBPD.A","Uruguay","44.74779945205484","48.321961643835614","46.13643726027394","62.57377267759564","64.10195068493148","53.8014454794521","60.38633315068485","65.10649289617486","58.168710136986356","52.04749260273976","53.127068","53.152082","49.10863","",""
"INTL.5-2-UZB-TBPD.A","Uzbekistan","105.44385464480864","102.84755409836052","93.02580273972596","89.66732677595624","92.65144000000004","82.23517698630138","75.79114739726019","68.01186849315071","63.53126465753422","59.54479342465756","55","49.548869","49","",""
"INTL.5-2-VUT-TBPD.A","Vanuatu","0.6313053791780823","0.5863846493150683","0.9452869330684935","0.9286627475136613","1.0786623951506857","1.0934698649589045","1.2621494246575347","1.0423366939890708","1.0065556712328774","1.154913589041096","1.073166","1.097132","1.250728","",""
"INTL.5-2-VEN-TBPD.A","Venezuela","641.6924383561646","643.0354794520545","656.5794971452052","727.0666939890713","746.1849863013692","774.710904109589","725.8372183671232","840.5785134098361","761.5573215123288","779.6491484821918","682.0238832986302","593.826885","493","",""
"INTL.5-2-VNM-TBPD.A","Vietnam","264.1734794520546","258.90967123287675","286.5038630136989","296.67188524590205","320.27979178082234","339.38749369863064","367.4995221917806","372.82267322404306","378.22466630136944","378.811036712329","415","445","459","",""
"INTL.5-2-WAK-TBPD.A","Wake Island","9.091452054794521","9.3","9.3","9.3","9.3","9.076","9.3","9.3","9.3","9.3","9.3","9.3","9.960299","",""
"INTL.5-2-ESH-TBPD.A","Western Sahara","1.7021917808219187","1.7021917808219187","1.7021917808219187","1.6975409836065574","1.7021917808219187","1.7021917808219187","1.7021917808219187","1.7021917808219187","1.7021917808219187","1.7021917808219187","1.70219","1.697537","1.447147","",""
"INTL.5-2-YEM-TBPD.A","Yemen","141.29956712328763","141.27665534246586","150.03266191780818","156.19581530054643","165.80078027397272","148.81314191780828","127.29563178082192","112.8044775956284","156","154","73.26071232876713","62.270179","56.27999","",""
"INTL.5-2-ZMB-TBPD.A","Zambia","13.759476164383553","14.283294246575343","10.617536438356163","12.228280874316937","12.68237150684931","13.326287123287667","15.795933150684927","19.30291506849315","19.374688219178065","22.255917808219177","23.68489","23.50963","30","",""
"INTL.5-2-ZWE-TBPD.A","Zimbabwe","14.327260273972602","13.776684931506848","13.532684931506845","11.553852459016397","11.447041095890409","12.743561643835623","23.221616438356133","26.28002732240433","29.272465753424623","26.633205479452084","28.062465","25.655846","25","",""